{
    "avg_prec": 0.5632997186707572,
    "roc_auc": 0.9530122745010848
}