{
    "avg_prec": 0.5558894514313268,
    "roc_auc": 0.9493418076713714
}