{
    "avg_prec": 0.5819800261122312,
    "roc_auc": 0.9487648831200692
}